time_stamp,prefix,idx,code,x_type,family,subfamily,name_short,treatment_short,sepa,name,treatment,zone,pathology,level,sessions,time,price,price_vip,price_company,price_session,price_session_next,price_max
2019-04-22,102,1,,service,laser,excilite,Laser Excilite - Vitiligo,Laser Excilite, - ,LASER EXCILITE - Rostro - Vitiligo - 1 sesion - 5 min,LASER EXCILITE,Rostro,Vitiligo,-1,1 sesion,5 min,500,300,240,-1,-1,-1
2019-04-22,102,2,,service,laser,excilite,Laser Excilite - Vitiligo,Laser Excilite, - ,LASER EXCILITE - Cuello - Vitiligo - 1 sesion - 5 min,LASER EXCILITE,Cuello,Vitiligo,-1,1 sesion,5 min,500,300,240,-1,-1,-1
2019-04-22,102,3,,service,laser,excilite,Laser Excilite - Vitiligo,Laser Excilite, - ,LASER EXCILITE - Ariolas - Vitiligo - 1 sesion - 5 min,LASER EXCILITE,Ariolas,Vitiligo,-1,1 sesion,5 min,500,300,240,-1,-1,-1
2019-04-22,102,4,,service,laser,excilite,Laser Excilite - Vitiligo,Laser Excilite, - ,LASER EXCILITE - Axilas - Vitiligo - 1 sesion - 5 min,LASER EXCILITE,Axilas,Vitiligo,-1,1 sesion,5 min,500,300,240,-1,-1,-1
2019-04-22,102,5,,service,laser,excilite,Laser Excilite - Vitiligo,Laser Excilite, - ,LASER EXCILITE - Pecho - Vitiligo - 1 sesion - 5 min,LASER EXCILITE,Pecho,Vitiligo,-1,1 sesion,5 min,500,300,240,-1,-1,-1
2019-04-22,102,6,,service,laser,excilite,Laser Excilite - Vitiligo,Laser Excilite, - ,LASER EXCILITE - Abdomen - Vitiligo - 1 sesion - 5 min,LASER EXCILITE,Abdomen,Vitiligo,-1,1 sesion,5 min,500,300,240,-1,-1,-1
2019-04-22,102,7,,service,laser,excilite,Laser Excilite - Vitiligo,Laser Excilite, - ,LASER EXCILITE - Brazos - Vitiligo - 1 sesion - 5 min,LASER EXCILITE,Brazos,Vitiligo,-1,1 sesion,5 min,500,300,240,-1,-1,-1
2019-04-22,102,8,,service,laser,excilite,Laser Excilite - Vitiligo,Laser Excilite, - ,LASER EXCILITE - Espalda - Vitiligo - 1 sesion - 5 min,LASER EXCILITE,Espalda,Vitiligo,-1,1 sesion,5 min,500,300,240,-1,-1,-1
2019-04-22,102,9,,service,laser,excilite,Laser Excilite - Vitiligo,Laser Excilite, - ,LASER EXCILITE - Gluteos - Vitiligo - 1 sesion - 5 min,LASER EXCILITE,Gluteos,Vitiligo,-1,1 sesion,5 min,500,300,240,-1,-1,-1
2019-04-22,102,10,,service,laser,excilite,Laser Excilite - Vitiligo,Laser Excilite, - ,LASER EXCILITE - Hombros - Vitiligo - 1 sesion - 5 min,LASER EXCILITE,Hombros,Vitiligo,-1,1 sesion,5 min,500,300,240,-1,-1,-1
2019-04-22,102,11,,service,laser,excilite,Laser Excilite - Vitiligo,Laser Excilite, - ,LASER EXCILITE - Manos - Vitiligo - 1 sesion - 5 min,LASER EXCILITE,Manos,Vitiligo,-1,1 sesion,5 min,500,300,240,-1,-1,-1
2019-04-22,102,12,,service,laser,excilite,Laser Excilite - Vitiligo,Laser Excilite, - ,LASER EXCILITE - Piernas - Vitiligo - 1 sesion - 5 min,LASER EXCILITE,Piernas,Vitiligo,-1,1 sesion,5 min,500,300,240,-1,-1,-1
2019-04-22,102,13,,service,laser,excilite,Laser Excilite - Vitiligo,Laser Excilite, - ,LASER EXCILITE - Pies - Vitiligo - 1 sesion - 5 min,LASER EXCILITE,Pies,Vitiligo,-1,1 sesion,5 min,500,300,240,-1,-1,-1
2019-04-22,102,14,,service,laser,excilite,Laser Excilite - Vitiligo,Laser Excilite, - ,LASER EXCILITE - Rostro - Vitiligo - 1 sesion - 15 min,LASER EXCILITE,Rostro,Vitiligo,-1,1 sesion,15 min,800,600,480,-1,-1,-1
2019-04-22,102,15,,service,laser,excilite,Laser Excilite - Vitiligo,Laser Excilite, - ,LASER EXCILITE - Cuello - Vitiligo - 1 sesion - 15 min,LASER EXCILITE,Cuello,Vitiligo,-1,1 sesion,15 min,800,600,480,-1,-1,-1
2019-04-22,102,16,,service,laser,excilite,Laser Excilite - Vitiligo,Laser Excilite, - ,LASER EXCILITE - Ariolas - Vitiligo - 1 sesion - 15 min,LASER EXCILITE,Ariolas,Vitiligo,-1,1 sesion,15 min,800,600,480,-1,-1,-1
2019-04-22,102,17,,service,laser,excilite,Laser Excilite - Vitiligo,Laser Excilite, - ,LASER EXCILITE - Axilas - Vitiligo - 1 sesion - 15 min,LASER EXCILITE,Axilas,Vitiligo,-1,1 sesion,15 min,800,600,480,-1,-1,-1
2019-04-22,102,18,,service,laser,excilite,Laser Excilite - Vitiligo,Laser Excilite, - ,LASER EXCILITE - Pecho - Vitiligo - 1 sesion - 15 min,LASER EXCILITE,Pecho,Vitiligo,-1,1 sesion,15 min,800,600,480,-1,-1,-1
2019-04-22,102,19,,service,laser,excilite,Laser Excilite - Vitiligo,Laser Excilite, - ,LASER EXCILITE - Abdomen - Vitiligo - 1 sesion - 15 min,LASER EXCILITE,Abdomen,Vitiligo,-1,1 sesion,15 min,800,600,480,-1,-1,-1
2019-04-22,102,20,,service,laser,excilite,Laser Excilite - Vitiligo,Laser Excilite, - ,LASER EXCILITE - Brazos - Vitiligo - 1 sesion - 15 min,LASER EXCILITE,Brazos,Vitiligo,-1,1 sesion,15 min,800,600,480,-1,-1,-1
2019-04-22,102,21,,service,laser,excilite,Laser Excilite - Vitiligo,Laser Excilite, - ,LASER EXCILITE - Espalda - Vitiligo - 1 sesion - 15 min,LASER EXCILITE,Espalda,Vitiligo,-1,1 sesion,15 min,800,600,480,-1,-1,-1
2019-04-22,102,22,,service,laser,excilite,Laser Excilite - Vitiligo,Laser Excilite, - ,LASER EXCILITE - Gluteos - Vitiligo - 1 sesion - 15 min,LASER EXCILITE,Gluteos,Vitiligo,-1,1 sesion,15 min,800,600,480,-1,-1,-1
2019-04-22,102,23,,service,laser,excilite,Laser Excilite - Vitiligo,Laser Excilite, - ,LASER EXCILITE - Hombros - Vitiligo - 1 sesion - 15 min,LASER EXCILITE,Hombros,Vitiligo,-1,1 sesion,15 min,800,600,480,-1,-1,-1
2019-04-22,102,24,,service,laser,excilite,Laser Excilite - Vitiligo,Laser Excilite, - ,LASER EXCILITE - Manos - Vitiligo - 1 sesion - 15 min,LASER EXCILITE,Manos,Vitiligo,-1,1 sesion,15 min,800,600,480,-1,-1,-1
2019-04-22,102,25,,service,laser,excilite,Laser Excilite - Vitiligo,Laser Excilite, - ,LASER EXCILITE - Piernas - Vitiligo - 1 sesion - 15 min,LASER EXCILITE,Piernas,Vitiligo,-1,1 sesion,15 min,800,600,480,-1,-1,-1
2019-04-22,102,26,,service,laser,excilite,Laser Excilite - Vitiligo,Laser Excilite, - ,LASER EXCILITE - Pies - Vitiligo - 1 sesion - 15 min,LASER EXCILITE,Pies,Vitiligo,-1,1 sesion,15 min,800,600,480,-1,-1,-1
2019-04-22,102,27,,service,laser,excilite,Laser Excilite - Vitiligo,Laser Excilite, - ,LASER EXCILITE - Rostro - Vitiligo - 1 sesion - 30 min,LASER EXCILITE,Rostro,Vitiligo,-1,1 sesion,30 min,1200,1000,800,-1,-1,-1
2019-04-22,102,28,,service,laser,excilite,Laser Excilite - Vitiligo,Laser Excilite, - ,LASER EXCILITE - Cuello - Vitiligo - 1 sesion - 30 min,LASER EXCILITE,Cuello,Vitiligo,-1,1 sesion,30 min,1200,1000,800,-1,-1,-1
2019-04-22,102,29,,service,laser,excilite,Laser Excilite - Vitiligo,Laser Excilite, - ,LASER EXCILITE - Ariolas - Vitiligo - 1 sesion - 30 min,LASER EXCILITE,Ariolas,Vitiligo,-1,1 sesion,30 min,1200,1000,800,-1,-1,-1
2019-04-22,102,30,,service,laser,excilite,Laser Excilite - Vitiligo,Laser Excilite, - ,LASER EXCILITE - Axilas - Vitiligo - 1 sesion - 30 min,LASER EXCILITE,Axilas,Vitiligo,-1,1 sesion,30 min,1200,1000,800,-1,-1,-1
2019-04-22,102,31,,service,laser,excilite,Laser Excilite - Vitiligo,Laser Excilite, - ,LASER EXCILITE - Pecho - Vitiligo - 1 sesion - 30 min,LASER EXCILITE,Pecho,Vitiligo,-1,1 sesion,30 min,1200,1000,800,-1,-1,-1
2019-04-22,102,32,,service,laser,excilite,Laser Excilite - Vitiligo,Laser Excilite, - ,LASER EXCILITE - Abdomen - Vitiligo - 1 sesion - 30 min,LASER EXCILITE,Abdomen,Vitiligo,-1,1 sesion,30 min,1200,1000,800,-1,-1,-1
2019-04-22,102,33,,service,laser,excilite,Laser Excilite - Vitiligo,Laser Excilite, - ,LASER EXCILITE - Brazos - Vitiligo - 1 sesion - 30 min,LASER EXCILITE,Brazos,Vitiligo,-1,1 sesion,30 min,1200,1000,800,-1,-1,-1
2019-04-22,102,34,,service,laser,excilite,Laser Excilite - Vitiligo,Laser Excilite, - ,LASER EXCILITE - Espalda - Vitiligo - 1 sesion - 30 min,LASER EXCILITE,Espalda,Vitiligo,-1,1 sesion,30 min,1200,1000,800,-1,-1,-1
2019-04-22,102,35,,service,laser,excilite,Laser Excilite - Vitiligo,Laser Excilite, - ,LASER EXCILITE - Gluteos - Vitiligo - 1 sesion - 30 min,LASER EXCILITE,Gluteos,Vitiligo,-1,1 sesion,30 min,1200,1000,800,-1,-1,-1
2019-04-22,102,36,,service,laser,excilite,Laser Excilite - Vitiligo,Laser Excilite, - ,LASER EXCILITE - Hombros - Vitiligo - 1 sesion - 30 min,LASER EXCILITE,Hombros,Vitiligo,-1,1 sesion,30 min,1200,1000,800,-1,-1,-1
2019-04-22,102,37,,service,laser,excilite,Laser Excilite - Vitiligo,Laser Excilite, - ,LASER EXCILITE - Manos - Vitiligo - 1 sesion - 30 min,LASER EXCILITE,Manos,Vitiligo,-1,1 sesion,30 min,1200,1000,800,-1,-1,-1
2019-04-22,102,38,,service,laser,excilite,Laser Excilite - Vitiligo,Laser Excilite, - ,LASER EXCILITE - Piernas - Vitiligo - 1 sesion - 30 min,LASER EXCILITE,Piernas,Vitiligo,-1,1 sesion,30 min,1200,1000,800,-1,-1,-1
2019-04-22,102,39,,service,laser,excilite,Laser Excilite - Vitiligo,Laser Excilite, - ,LASER EXCILITE - Pies - Vitiligo - 1 sesion - 30 min,LASER EXCILITE,Pies,Vitiligo,-1,1 sesion,30 min,1200,1000,800,-1,-1,-1
2019-04-22,102,40,,service,laser,excilite,Laser Excilite - Psoriasis,Laser Excilite, - ,LASER EXCILITE - Rostro - Psoriasis - 1 sesion - 5 min,LASER EXCILITE,Rostro,Psoriasis,-1,1 sesion,5 min,500,300,240,-1,-1,-1
2019-04-22,102,41,,service,laser,excilite,Laser Excilite - Psoriasis,Laser Excilite, - ,LASER EXCILITE - Cuello - Psoriasis - 1 sesion - 5 min,LASER EXCILITE,Cuello,Psoriasis,-1,1 sesion,5 min,500,300,240,-1,-1,-1
2019-04-22,102,42,,service,laser,excilite,Laser Excilite - Psoriasis,Laser Excilite, - ,LASER EXCILITE - Ariolas - Psoriasis - 1 sesion - 5 min,LASER EXCILITE,Ariolas,Psoriasis,-1,1 sesion,5 min,500,300,240,-1,-1,-1
2019-04-22,102,43,,service,laser,excilite,Laser Excilite - Psoriasis,Laser Excilite, - ,LASER EXCILITE - Axilas - Psoriasis - 1 sesion - 5 min,LASER EXCILITE,Axilas,Psoriasis,-1,1 sesion,5 min,500,300,240,-1,-1,-1
2019-04-22,102,44,,service,laser,excilite,Laser Excilite - Psoriasis,Laser Excilite, - ,LASER EXCILITE - Pecho - Psoriasis - 1 sesion - 5 min,LASER EXCILITE,Pecho,Psoriasis,-1,1 sesion,5 min,500,300,240,-1,-1,-1
2019-04-22,102,45,,service,laser,excilite,Laser Excilite - Psoriasis,Laser Excilite, - ,LASER EXCILITE - Abdomen - Psoriasis - 1 sesion - 5 min,LASER EXCILITE,Abdomen,Psoriasis,-1,1 sesion,5 min,500,300,240,-1,-1,-1
2019-04-22,102,46,,service,laser,excilite,Laser Excilite - Psoriasis,Laser Excilite, - ,LASER EXCILITE - Brazos - Psoriasis - 1 sesion - 5 min,LASER EXCILITE,Brazos,Psoriasis,-1,1 sesion,5 min,500,300,240,-1,-1,-1
2019-04-22,102,47,,service,laser,excilite,Laser Excilite - Psoriasis,Laser Excilite, - ,LASER EXCILITE - Espalda - Psoriasis - 1 sesion - 5 min,LASER EXCILITE,Espalda,Psoriasis,-1,1 sesion,5 min,500,300,240,-1,-1,-1
2019-04-22,102,48,,service,laser,excilite,Laser Excilite - Psoriasis,Laser Excilite, - ,LASER EXCILITE - Gluteos - Psoriasis - 1 sesion - 5 min,LASER EXCILITE,Gluteos,Psoriasis,-1,1 sesion,5 min,500,300,240,-1,-1,-1
2019-04-22,102,49,,service,laser,excilite,Laser Excilite - Psoriasis,Laser Excilite, - ,LASER EXCILITE - Hombros - Psoriasis - 1 sesion - 5 min,LASER EXCILITE,Hombros,Psoriasis,-1,1 sesion,5 min,500,300,240,-1,-1,-1
2019-04-22,102,50,,service,laser,excilite,Laser Excilite - Psoriasis,Laser Excilite, - ,LASER EXCILITE - Manos - Psoriasis - 1 sesion - 5 min,LASER EXCILITE,Manos,Psoriasis,-1,1 sesion,5 min,500,300,240,-1,-1,-1
2019-04-22,102,51,,service,laser,excilite,Laser Excilite - Psoriasis,Laser Excilite, - ,LASER EXCILITE - Piernas - Psoriasis - 1 sesion - 5 min,LASER EXCILITE,Piernas,Psoriasis,-1,1 sesion,5 min,500,300,240,-1,-1,-1
2019-04-22,102,52,,service,laser,excilite,Laser Excilite - Psoriasis,Laser Excilite, - ,LASER EXCILITE - Pies - Psoriasis - 1 sesion - 5 min,LASER EXCILITE,Pies,Psoriasis,-1,1 sesion,5 min,500,300,240,-1,-1,-1
2019-04-22,102,53,,service,laser,excilite,Laser Excilite - Psoriasis,Laser Excilite, - ,LASER EXCILITE - Rostro - Psoriasis - 1 sesion - 15 min,LASER EXCILITE,Rostro,Psoriasis,-1,1 sesion,15 min,800,600,480,-1,-1,-1
2019-04-22,102,54,,service,laser,excilite,Laser Excilite - Psoriasis,Laser Excilite, - ,LASER EXCILITE - Cuello - Psoriasis - 1 sesion - 15 min,LASER EXCILITE,Cuello,Psoriasis,-1,1 sesion,15 min,800,600,480,-1,-1,-1
2019-04-22,102,55,,service,laser,excilite,Laser Excilite - Psoriasis,Laser Excilite, - ,LASER EXCILITE - Ariolas - Psoriasis - 1 sesion - 15 min,LASER EXCILITE,Ariolas,Psoriasis,-1,1 sesion,15 min,800,600,480,-1,-1,-1
2019-04-22,102,56,,service,laser,excilite,Laser Excilite - Psoriasis,Laser Excilite, - ,LASER EXCILITE - Axilas - Psoriasis - 1 sesion - 15 min,LASER EXCILITE,Axilas,Psoriasis,-1,1 sesion,15 min,800,600,480,-1,-1,-1
2019-04-22,102,57,,service,laser,excilite,Laser Excilite - Psoriasis,Laser Excilite, - ,LASER EXCILITE - Pecho - Psoriasis - 1 sesion - 15 min,LASER EXCILITE,Pecho,Psoriasis,-1,1 sesion,15 min,800,600,480,-1,-1,-1
2019-04-22,102,58,,service,laser,excilite,Laser Excilite - Psoriasis,Laser Excilite, - ,LASER EXCILITE - Abdomen - Psoriasis - 1 sesion - 15 min,LASER EXCILITE,Abdomen,Psoriasis,-1,1 sesion,15 min,800,600,480,-1,-1,-1
2019-04-22,102,59,,service,laser,excilite,Laser Excilite - Psoriasis,Laser Excilite, - ,LASER EXCILITE - Brazos - Psoriasis - 1 sesion - 15 min,LASER EXCILITE,Brazos,Psoriasis,-1,1 sesion,15 min,800,600,480,-1,-1,-1
2019-04-22,102,60,,service,laser,excilite,Laser Excilite - Psoriasis,Laser Excilite, - ,LASER EXCILITE - Espalda - Psoriasis - 1 sesion - 15 min,LASER EXCILITE,Espalda,Psoriasis,-1,1 sesion,15 min,800,600,480,-1,-1,-1
2019-04-22,102,61,,service,laser,excilite,Laser Excilite - Psoriasis,Laser Excilite, - ,LASER EXCILITE - Gluteos - Psoriasis - 1 sesion - 15 min,LASER EXCILITE,Gluteos,Psoriasis,-1,1 sesion,15 min,800,600,480,-1,-1,-1
2019-04-22,102,62,,service,laser,excilite,Laser Excilite - Psoriasis,Laser Excilite, - ,LASER EXCILITE - Hombros - Psoriasis - 1 sesion - 15 min,LASER EXCILITE,Hombros,Psoriasis,-1,1 sesion,15 min,800,600,480,-1,-1,-1
2019-04-22,102,63,,service,laser,excilite,Laser Excilite - Psoriasis,Laser Excilite, - ,LASER EXCILITE - Manos - Psoriasis - 1 sesion - 15 min,LASER EXCILITE,Manos,Psoriasis,-1,1 sesion,15 min,800,600,480,-1,-1,-1
2019-04-22,102,64,,service,laser,excilite,Laser Excilite - Psoriasis,Laser Excilite, - ,LASER EXCILITE - Piernas - Psoriasis - 1 sesion - 15 min,LASER EXCILITE,Piernas,Psoriasis,-1,1 sesion,15 min,800,600,480,-1,-1,-1
2019-04-22,102,65,,service,laser,excilite,Laser Excilite - Psoriasis,Laser Excilite, - ,LASER EXCILITE - Pies - Psoriasis - 1 sesion - 15 min,LASER EXCILITE,Pies,Psoriasis,-1,1 sesion,15 min,800,600,480,-1,-1,-1
2019-04-22,102,66,,service,laser,excilite,Laser Excilite - Psoriasis,Laser Excilite, - ,LASER EXCILITE - Rostro - Psoriasis - 1 sesion - 30 min,LASER EXCILITE,Rostro,Psoriasis,-1,1 sesion,30 min,1200,1000,800,-1,-1,-1
2019-04-22,102,67,,service,laser,excilite,Laser Excilite - Psoriasis,Laser Excilite, - ,LASER EXCILITE - Cuello - Psoriasis - 1 sesion - 30 min,LASER EXCILITE,Cuello,Psoriasis,-1,1 sesion,30 min,1200,1000,800,-1,-1,-1
2019-04-22,102,68,,service,laser,excilite,Laser Excilite - Psoriasis,Laser Excilite, - ,LASER EXCILITE - Ariolas - Psoriasis - 1 sesion - 30 min,LASER EXCILITE,Ariolas,Psoriasis,-1,1 sesion,30 min,1200,1000,800,-1,-1,-1
2019-04-22,102,69,,service,laser,excilite,Laser Excilite - Psoriasis,Laser Excilite, - ,LASER EXCILITE - Axilas - Psoriasis - 1 sesion - 30 min,LASER EXCILITE,Axilas,Psoriasis,-1,1 sesion,30 min,1200,1000,800,-1,-1,-1
2019-04-22,102,70,,service,laser,excilite,Laser Excilite - Psoriasis,Laser Excilite, - ,LASER EXCILITE - Pecho - Psoriasis - 1 sesion - 30 min,LASER EXCILITE,Pecho,Psoriasis,-1,1 sesion,30 min,1200,1000,800,-1,-1,-1
2019-04-22,102,71,,service,laser,excilite,Laser Excilite - Psoriasis,Laser Excilite, - ,LASER EXCILITE - Abdomen - Psoriasis - 1 sesion - 30 min,LASER EXCILITE,Abdomen,Psoriasis,-1,1 sesion,30 min,1200,1000,800,-1,-1,-1
2019-04-22,102,72,,service,laser,excilite,Laser Excilite - Psoriasis,Laser Excilite, - ,LASER EXCILITE - Brazos - Psoriasis - 1 sesion - 30 min,LASER EXCILITE,Brazos,Psoriasis,-1,1 sesion,30 min,1200,1000,800,-1,-1,-1
2019-04-22,102,73,,service,laser,excilite,Laser Excilite - Psoriasis,Laser Excilite, - ,LASER EXCILITE - Espalda - Psoriasis - 1 sesion - 30 min,LASER EXCILITE,Espalda,Psoriasis,-1,1 sesion,30 min,1200,1000,800,-1,-1,-1
2019-04-22,102,74,,service,laser,excilite,Laser Excilite - Psoriasis,Laser Excilite, - ,LASER EXCILITE - Gluteos - Psoriasis - 1 sesion - 30 min,LASER EXCILITE,Gluteos,Psoriasis,-1,1 sesion,30 min,1200,1000,800,-1,-1,-1
2019-04-22,102,75,,service,laser,excilite,Laser Excilite - Psoriasis,Laser Excilite, - ,LASER EXCILITE - Hombros - Psoriasis - 1 sesion - 30 min,LASER EXCILITE,Hombros,Psoriasis,-1,1 sesion,30 min,1200,1000,800,-1,-1,-1
2019-04-22,102,76,,service,laser,excilite,Laser Excilite - Psoriasis,Laser Excilite, - ,LASER EXCILITE - Manos - Psoriasis - 1 sesion - 30 min,LASER EXCILITE,Manos,Psoriasis,-1,1 sesion,30 min,1200,1000,800,-1,-1,-1
2019-04-22,102,77,,service,laser,excilite,Laser Excilite - Psoriasis,Laser Excilite, - ,LASER EXCILITE - Piernas - Psoriasis - 1 sesion - 30 min,LASER EXCILITE,Piernas,Psoriasis,-1,1 sesion,30 min,1200,1000,800,-1,-1,-1
2019-04-22,102,78,,service,laser,excilite,Laser Excilite - Psoriasis,Laser Excilite, - ,LASER EXCILITE - Pies - Psoriasis - 1 sesion - 30 min,LASER EXCILITE,Pies,Psoriasis,-1,1 sesion,30 min,1200,1000,800,-1,-1,-1
2019-04-22,102,79,,service,laser,excilite,Laser Excilite - Alopecias,Laser Excilite, - ,LASER EXCILITE - Rostro - Alopecias - 1 sesion - 5 min,LASER EXCILITE,Rostro,Alopecias,-1,1 sesion,5 min,500,300,240,-1,-1,-1
2019-04-22,102,80,,service,laser,excilite,Laser Excilite - Alopecias,Laser Excilite, - ,LASER EXCILITE - Cuello - Alopecias - 1 sesion - 5 min,LASER EXCILITE,Cuello,Alopecias,-1,1 sesion,5 min,500,300,240,-1,-1,-1
2019-04-22,102,81,,service,laser,excilite,Laser Excilite - Alopecias,Laser Excilite, - ,LASER EXCILITE - Ariolas - Alopecias - 1 sesion - 5 min,LASER EXCILITE,Ariolas,Alopecias,-1,1 sesion,5 min,500,300,240,-1,-1,-1
2019-04-22,102,82,,service,laser,excilite,Laser Excilite - Alopecias,Laser Excilite, - ,LASER EXCILITE - Axilas - Alopecias - 1 sesion - 5 min,LASER EXCILITE,Axilas,Alopecias,-1,1 sesion,5 min,500,300,240,-1,-1,-1
2019-04-22,102,83,,service,laser,excilite,Laser Excilite - Alopecias,Laser Excilite, - ,LASER EXCILITE - Pecho - Alopecias - 1 sesion - 5 min,LASER EXCILITE,Pecho,Alopecias,-1,1 sesion,5 min,500,300,240,-1,-1,-1
2019-04-22,102,84,,service,laser,excilite,Laser Excilite - Alopecias,Laser Excilite, - ,LASER EXCILITE - Abdomen - Alopecias - 1 sesion - 5 min,LASER EXCILITE,Abdomen,Alopecias,-1,1 sesion,5 min,500,300,240,-1,-1,-1
2019-04-22,102,85,,service,laser,excilite,Laser Excilite - Alopecias,Laser Excilite, - ,LASER EXCILITE - Brazos - Alopecias - 1 sesion - 5 min,LASER EXCILITE,Brazos,Alopecias,-1,1 sesion,5 min,500,300,240,-1,-1,-1
2019-04-22,102,86,,service,laser,excilite,Laser Excilite - Alopecias,Laser Excilite, - ,LASER EXCILITE - Espalda - Alopecias - 1 sesion - 5 min,LASER EXCILITE,Espalda,Alopecias,-1,1 sesion,5 min,500,300,240,-1,-1,-1
2019-04-22,102,87,,service,laser,excilite,Laser Excilite - Alopecias,Laser Excilite, - ,LASER EXCILITE - Gluteos - Alopecias - 1 sesion - 5 min,LASER EXCILITE,Gluteos,Alopecias,-1,1 sesion,5 min,500,300,240,-1,-1,-1
2019-04-22,102,88,,service,laser,excilite,Laser Excilite - Alopecias,Laser Excilite, - ,LASER EXCILITE - Hombros - Alopecias - 1 sesion - 5 min,LASER EXCILITE,Hombros,Alopecias,-1,1 sesion,5 min,500,300,240,-1,-1,-1
2019-04-22,102,89,,service,laser,excilite,Laser Excilite - Alopecias,Laser Excilite, - ,LASER EXCILITE - Manos - Alopecias - 1 sesion - 5 min,LASER EXCILITE,Manos,Alopecias,-1,1 sesion,5 min,500,300,240,-1,-1,-1
2019-04-22,102,90,,service,laser,excilite,Laser Excilite - Alopecias,Laser Excilite, - ,LASER EXCILITE - Piernas - Alopecias - 1 sesion - 5 min,LASER EXCILITE,Piernas,Alopecias,-1,1 sesion,5 min,500,300,240,-1,-1,-1
2019-04-22,102,91,,service,laser,excilite,Laser Excilite - Alopecias,Laser Excilite, - ,LASER EXCILITE - Pies - Alopecias - 1 sesion - 5 min,LASER EXCILITE,Pies,Alopecias,-1,1 sesion,5 min,500,300,240,-1,-1,-1
2019-04-22,102,92,,service,laser,excilite,Laser Excilite - Alopecias,Laser Excilite, - ,LASER EXCILITE - Rostro - Alopecias - 1 sesion - 15 min,LASER EXCILITE,Rostro,Alopecias,-1,1 sesion,15 min,800,600,480,-1,-1,-1
2019-04-22,102,93,,service,laser,excilite,Laser Excilite - Alopecias,Laser Excilite, - ,LASER EXCILITE - Cuello - Alopecias - 1 sesion - 15 min,LASER EXCILITE,Cuello,Alopecias,-1,1 sesion,15 min,800,600,480,-1,-1,-1
2019-04-22,102,94,,service,laser,excilite,Laser Excilite - Alopecias,Laser Excilite, - ,LASER EXCILITE - Ariolas - Alopecias - 1 sesion - 15 min,LASER EXCILITE,Ariolas,Alopecias,-1,1 sesion,15 min,800,600,480,-1,-1,-1
2019-04-22,102,95,,service,laser,excilite,Laser Excilite - Alopecias,Laser Excilite, - ,LASER EXCILITE - Axilas - Alopecias - 1 sesion - 15 min,LASER EXCILITE,Axilas,Alopecias,-1,1 sesion,15 min,800,600,480,-1,-1,-1
2019-04-22,102,96,,service,laser,excilite,Laser Excilite - Alopecias,Laser Excilite, - ,LASER EXCILITE - Pecho - Alopecias - 1 sesion - 15 min,LASER EXCILITE,Pecho,Alopecias,-1,1 sesion,15 min,800,600,480,-1,-1,-1
2019-04-22,102,97,,service,laser,excilite,Laser Excilite - Alopecias,Laser Excilite, - ,LASER EXCILITE - Abdomen - Alopecias - 1 sesion - 15 min,LASER EXCILITE,Abdomen,Alopecias,-1,1 sesion,15 min,800,600,480,-1,-1,-1
2019-04-22,102,98,,service,laser,excilite,Laser Excilite - Alopecias,Laser Excilite, - ,LASER EXCILITE - Brazos - Alopecias - 1 sesion - 15 min,LASER EXCILITE,Brazos,Alopecias,-1,1 sesion,15 min,800,600,480,-1,-1,-1
2019-04-22,102,99,,service,laser,excilite,Laser Excilite - Alopecias,Laser Excilite, - ,LASER EXCILITE - Espalda - Alopecias - 1 sesion - 15 min,LASER EXCILITE,Espalda,Alopecias,-1,1 sesion,15 min,800,600,480,-1,-1,-1
2019-04-22,102,100,,service,laser,excilite,Laser Excilite - Alopecias,Laser Excilite, - ,LASER EXCILITE - Gluteos - Alopecias - 1 sesion - 15 min,LASER EXCILITE,Gluteos,Alopecias,-1,1 sesion,15 min,800,600,480,-1,-1,-1
2019-04-22,102,101,,service,laser,excilite,Laser Excilite - Alopecias,Laser Excilite, - ,LASER EXCILITE - Hombros - Alopecias - 1 sesion - 15 min,LASER EXCILITE,Hombros,Alopecias,-1,1 sesion,15 min,800,600,480,-1,-1,-1
2019-04-22,102,102,,service,laser,excilite,Laser Excilite - Alopecias,Laser Excilite, - ,LASER EXCILITE - Manos - Alopecias - 1 sesion - 15 min,LASER EXCILITE,Manos,Alopecias,-1,1 sesion,15 min,800,600,480,-1,-1,-1
2019-04-22,102,103,,service,laser,excilite,Laser Excilite - Alopecias,Laser Excilite, - ,LASER EXCILITE - Piernas - Alopecias - 1 sesion - 15 min,LASER EXCILITE,Piernas,Alopecias,-1,1 sesion,15 min,800,600,480,-1,-1,-1
2019-04-22,102,104,,service,laser,excilite,Laser Excilite - Alopecias,Laser Excilite, - ,LASER EXCILITE - Pies - Alopecias - 1 sesion - 15 min,LASER EXCILITE,Pies,Alopecias,-1,1 sesion,15 min,800,600,480,-1,-1,-1
2019-04-22,102,105,,service,laser,excilite,Laser Excilite - Alopecias,Laser Excilite, - ,LASER EXCILITE - Rostro - Alopecias - 1 sesion - 30 min,LASER EXCILITE,Rostro,Alopecias,-1,1 sesion,30 min,1200,1000,800,-1,-1,-1
2019-04-22,102,106,,service,laser,excilite,Laser Excilite - Alopecias,Laser Excilite, - ,LASER EXCILITE - Cuello - Alopecias - 1 sesion - 30 min,LASER EXCILITE,Cuello,Alopecias,-1,1 sesion,30 min,1200,1000,800,-1,-1,-1
2019-04-22,102,107,,service,laser,excilite,Laser Excilite - Alopecias,Laser Excilite, - ,LASER EXCILITE - Ariolas - Alopecias - 1 sesion - 30 min,LASER EXCILITE,Ariolas,Alopecias,-1,1 sesion,30 min,1200,1000,800,-1,-1,-1
2019-04-22,102,108,,service,laser,excilite,Laser Excilite - Alopecias,Laser Excilite, - ,LASER EXCILITE - Axilas - Alopecias - 1 sesion - 30 min,LASER EXCILITE,Axilas,Alopecias,-1,1 sesion,30 min,1200,1000,800,-1,-1,-1
2019-04-22,102,109,,service,laser,excilite,Laser Excilite - Alopecias,Laser Excilite, - ,LASER EXCILITE - Pecho - Alopecias - 1 sesion - 30 min,LASER EXCILITE,Pecho,Alopecias,-1,1 sesion,30 min,1200,1000,800,-1,-1,-1
2019-04-22,102,110,,service,laser,excilite,Laser Excilite - Alopecias,Laser Excilite, - ,LASER EXCILITE - Abdomen - Alopecias - 1 sesion - 30 min,LASER EXCILITE,Abdomen,Alopecias,-1,1 sesion,30 min,1200,1000,800,-1,-1,-1
2019-04-22,102,111,,service,laser,excilite,Laser Excilite - Alopecias,Laser Excilite, - ,LASER EXCILITE - Brazos - Alopecias - 1 sesion - 30 min,LASER EXCILITE,Brazos,Alopecias,-1,1 sesion,30 min,1200,1000,800,-1,-1,-1
2019-04-22,102,112,,service,laser,excilite,Laser Excilite - Alopecias,Laser Excilite, - ,LASER EXCILITE - Espalda - Alopecias - 1 sesion - 30 min,LASER EXCILITE,Espalda,Alopecias,-1,1 sesion,30 min,1200,1000,800,-1,-1,-1
2019-04-22,102,113,,service,laser,excilite,Laser Excilite - Alopecias,Laser Excilite, - ,LASER EXCILITE - Gluteos - Alopecias - 1 sesion - 30 min,LASER EXCILITE,Gluteos,Alopecias,-1,1 sesion,30 min,1200,1000,800,-1,-1,-1
2019-04-22,102,114,,service,laser,excilite,Laser Excilite - Alopecias,Laser Excilite, - ,LASER EXCILITE - Hombros - Alopecias - 1 sesion - 30 min,LASER EXCILITE,Hombros,Alopecias,-1,1 sesion,30 min,1200,1000,800,-1,-1,-1
2019-04-22,102,115,,service,laser,excilite,Laser Excilite - Alopecias,Laser Excilite, - ,LASER EXCILITE - Manos - Alopecias - 1 sesion - 30 min,LASER EXCILITE,Manos,Alopecias,-1,1 sesion,30 min,1200,1000,800,-1,-1,-1
2019-04-22,102,116,,service,laser,excilite,Laser Excilite - Alopecias,Laser Excilite, - ,LASER EXCILITE - Piernas - Alopecias - 1 sesion - 30 min,LASER EXCILITE,Piernas,Alopecias,-1,1 sesion,30 min,1200,1000,800,-1,-1,-1
2019-04-22,102,117,,service,laser,excilite,Laser Excilite - Alopecias,Laser Excilite, - ,LASER EXCILITE - Pies - Alopecias - 1 sesion - 30 min,LASER EXCILITE,Pies,Alopecias,-1,1 sesion,30 min,1200,1000,800,-1,-1,-1
2019-04-22,102,118,,service,laser,excilite,Laser Excilite - Vitiligo,Laser Excilite, - ,LASER EXCILITE - Rostro - Vitiligo - 6 sesiones - 5 min,LASER EXCILITE,Rostro,Vitiligo,-1,6 sesiones,5 min,2500,1500,1200,250,-1,-1
2019-04-22,102,119,,service,laser,excilite,Laser Excilite - Vitiligo,Laser Excilite, - ,LASER EXCILITE - Cuello - Vitiligo - 6 sesiones - 5 min,LASER EXCILITE,Cuello,Vitiligo,-1,6 sesiones,5 min,2500,1500,1200,250,-1,-1
2019-04-22,102,120,,service,laser,excilite,Laser Excilite - Vitiligo,Laser Excilite, - ,LASER EXCILITE - Ariolas - Vitiligo - 6 sesiones - 5 min,LASER EXCILITE,Ariolas,Vitiligo,-1,6 sesiones,5 min,2500,1500,1200,250,-1,-1
2019-04-22,102,121,,service,laser,excilite,Laser Excilite - Vitiligo,Laser Excilite, - ,LASER EXCILITE - Axilas - Vitiligo - 6 sesiones - 5 min,LASER EXCILITE,Axilas,Vitiligo,-1,6 sesiones,5 min,2500,1500,1200,250,-1,-1
2019-04-22,102,122,,service,laser,excilite,Laser Excilite - Vitiligo,Laser Excilite, - ,LASER EXCILITE - Pecho - Vitiligo - 6 sesiones - 5 min,LASER EXCILITE,Pecho,Vitiligo,-1,6 sesiones,5 min,2500,1500,1200,250,-1,-1
2019-04-22,102,123,,service,laser,excilite,Laser Excilite - Vitiligo,Laser Excilite, - ,LASER EXCILITE - Abdomen - Vitiligo - 6 sesiones - 5 min,LASER EXCILITE,Abdomen,Vitiligo,-1,6 sesiones,5 min,2500,1500,1200,250,-1,-1
2019-04-22,102,124,,service,laser,excilite,Laser Excilite - Vitiligo,Laser Excilite, - ,LASER EXCILITE - Brazos - Vitiligo - 6 sesiones - 5 min,LASER EXCILITE,Brazos,Vitiligo,-1,6 sesiones,5 min,2500,1500,1200,250,-1,-1
2019-04-22,102,125,,service,laser,excilite,Laser Excilite - Vitiligo,Laser Excilite, - ,LASER EXCILITE - Espalda - Vitiligo - 6 sesiones - 5 min,LASER EXCILITE,Espalda,Vitiligo,-1,6 sesiones,5 min,2500,1500,1200,250,-1,-1
2019-04-22,102,126,,service,laser,excilite,Laser Excilite - Vitiligo,Laser Excilite, - ,LASER EXCILITE - Gluteos - Vitiligo - 6 sesiones - 5 min,LASER EXCILITE,Gluteos,Vitiligo,-1,6 sesiones,5 min,2500,1500,1200,250,-1,-1
2019-04-22,102,127,,service,laser,excilite,Laser Excilite - Vitiligo,Laser Excilite, - ,LASER EXCILITE - Hombros - Vitiligo - 6 sesiones - 5 min,LASER EXCILITE,Hombros,Vitiligo,-1,6 sesiones,5 min,2500,1500,1200,250,-1,-1
2019-04-22,102,128,,service,laser,excilite,Laser Excilite - Vitiligo,Laser Excilite, - ,LASER EXCILITE - Manos - Vitiligo - 6 sesiones - 5 min,LASER EXCILITE,Manos,Vitiligo,-1,6 sesiones,5 min,2500,1500,1200,250,-1,-1
2019-04-22,102,129,,service,laser,excilite,Laser Excilite - Vitiligo,Laser Excilite, - ,LASER EXCILITE - Piernas - Vitiligo - 6 sesiones - 5 min,LASER EXCILITE,Piernas,Vitiligo,-1,6 sesiones,5 min,2500,1500,1200,250,-1,-1
2019-04-22,102,130,,service,laser,excilite,Laser Excilite - Vitiligo,Laser Excilite, - ,LASER EXCILITE - Pies - Vitiligo - 6 sesiones - 5 min,LASER EXCILITE,Pies,Vitiligo,-1,6 sesiones,5 min,2500,1500,1200,250,-1,-1
2019-04-22,102,131,,service,laser,excilite,Laser Excilite - Vitiligo,Laser Excilite, - ,LASER EXCILITE - Rostro - Vitiligo - 6 sesiones - 15 min,LASER EXCILITE,Rostro,Vitiligo,-1,6 sesiones,15 min,4000,3000,2400,500,-1,-1
2019-04-22,102,132,,service,laser,excilite,Laser Excilite - Vitiligo,Laser Excilite, - ,LASER EXCILITE - Cuello - Vitiligo - 6 sesiones - 15 min,LASER EXCILITE,Cuello,Vitiligo,-1,6 sesiones,15 min,4000,3000,2400,500,-1,-1
2019-04-22,102,133,,service,laser,excilite,Laser Excilite - Vitiligo,Laser Excilite, - ,LASER EXCILITE - Ariolas - Vitiligo - 6 sesiones - 15 min,LASER EXCILITE,Ariolas,Vitiligo,-1,6 sesiones,15 min,4000,3000,2400,500,-1,-1
2019-04-22,102,134,,service,laser,excilite,Laser Excilite - Vitiligo,Laser Excilite, - ,LASER EXCILITE - Axilas - Vitiligo - 6 sesiones - 15 min,LASER EXCILITE,Axilas,Vitiligo,-1,6 sesiones,15 min,4000,3000,2400,500,-1,-1
2019-04-22,102,135,,service,laser,excilite,Laser Excilite - Vitiligo,Laser Excilite, - ,LASER EXCILITE - Pecho - Vitiligo - 6 sesiones - 15 min,LASER EXCILITE,Pecho,Vitiligo,-1,6 sesiones,15 min,4000,3000,2400,500,-1,-1
2019-04-22,102,136,,service,laser,excilite,Laser Excilite - Vitiligo,Laser Excilite, - ,LASER EXCILITE - Abdomen - Vitiligo - 6 sesiones - 15 min,LASER EXCILITE,Abdomen,Vitiligo,-1,6 sesiones,15 min,4000,3000,2400,500,-1,-1
2019-04-22,102,137,,service,laser,excilite,Laser Excilite - Vitiligo,Laser Excilite, - ,LASER EXCILITE - Brazos - Vitiligo - 6 sesiones - 15 min,LASER EXCILITE,Brazos,Vitiligo,-1,6 sesiones,15 min,4000,3000,2400,500,-1,-1
2019-04-22,102,138,,service,laser,excilite,Laser Excilite - Vitiligo,Laser Excilite, - ,LASER EXCILITE - Espalda - Vitiligo - 6 sesiones - 15 min,LASER EXCILITE,Espalda,Vitiligo,-1,6 sesiones,15 min,4000,3000,2400,500,-1,-1
2019-04-22,102,139,,service,laser,excilite,Laser Excilite - Vitiligo,Laser Excilite, - ,LASER EXCILITE - Gluteos - Vitiligo - 6 sesiones - 15 min,LASER EXCILITE,Gluteos,Vitiligo,-1,6 sesiones,15 min,4000,3000,2400,500,-1,-1
2019-04-22,102,140,,service,laser,excilite,Laser Excilite - Vitiligo,Laser Excilite, - ,LASER EXCILITE - Hombros - Vitiligo - 6 sesiones - 15 min,LASER EXCILITE,Hombros,Vitiligo,-1,6 sesiones,15 min,4000,3000,2400,500,-1,-1
2019-04-22,102,141,,service,laser,excilite,Laser Excilite - Vitiligo,Laser Excilite, - ,LASER EXCILITE - Manos - Vitiligo - 6 sesiones - 15 min,LASER EXCILITE,Manos,Vitiligo,-1,6 sesiones,15 min,4000,3000,2400,500,-1,-1
2019-04-22,102,142,,service,laser,excilite,Laser Excilite - Vitiligo,Laser Excilite, - ,LASER EXCILITE - Piernas - Vitiligo - 6 sesiones - 15 min,LASER EXCILITE,Piernas,Vitiligo,-1,6 sesiones,15 min,4000,3000,2400,500,-1,-1
2019-04-22,102,143,,service,laser,excilite,Laser Excilite - Vitiligo,Laser Excilite, - ,LASER EXCILITE - Pies - Vitiligo - 6 sesiones - 15 min,LASER EXCILITE,Pies,Vitiligo,-1,6 sesiones,15 min,4000,3000,2400,500,-1,-1
2019-04-22,102,144,,service,laser,excilite,Laser Excilite - Vitiligo,Laser Excilite, - ,LASER EXCILITE - Rostro - Vitiligo - 6 sesiones - 30 min,LASER EXCILITE,Rostro,Vitiligo,-1,6 sesiones,30 min,6000,5000,4000,833.333333333333,-1,-1
2019-04-22,102,145,,service,laser,excilite,Laser Excilite - Vitiligo,Laser Excilite, - ,LASER EXCILITE - Cuello - Vitiligo - 6 sesiones - 30 min,LASER EXCILITE,Cuello,Vitiligo,-1,6 sesiones,30 min,6000,5000,4000,833.333333333333,-1,-1
2019-04-22,102,146,,service,laser,excilite,Laser Excilite - Vitiligo,Laser Excilite, - ,LASER EXCILITE - Ariolas - Vitiligo - 6 sesiones - 30 min,LASER EXCILITE,Ariolas,Vitiligo,-1,6 sesiones,30 min,6000,5000,4000,833.333333333333,-1,-1
2019-04-22,102,147,,service,laser,excilite,Laser Excilite - Vitiligo,Laser Excilite, - ,LASER EXCILITE - Axilas - Vitiligo - 6 sesiones - 30 min,LASER EXCILITE,Axilas,Vitiligo,-1,6 sesiones,30 min,6000,5000,4000,833.333333333333,-1,-1
2019-04-22,102,148,,service,laser,excilite,Laser Excilite - Vitiligo,Laser Excilite, - ,LASER EXCILITE - Pecho - Vitiligo - 6 sesiones - 30 min,LASER EXCILITE,Pecho,Vitiligo,-1,6 sesiones,30 min,6000,5000,4000,833.333333333333,-1,-1
2019-04-22,102,149,,service,laser,excilite,Laser Excilite - Vitiligo,Laser Excilite, - ,LASER EXCILITE - Abdomen - Vitiligo - 6 sesiones - 30 min,LASER EXCILITE,Abdomen,Vitiligo,-1,6 sesiones,30 min,6000,5000,4000,833.333333333333,-1,-1
2019-04-22,102,150,,service,laser,excilite,Laser Excilite - Vitiligo,Laser Excilite, - ,LASER EXCILITE - Brazos - Vitiligo - 6 sesiones - 30 min,LASER EXCILITE,Brazos,Vitiligo,-1,6 sesiones,30 min,6000,5000,4000,833.333333333333,-1,-1
2019-04-22,102,151,,service,laser,excilite,Laser Excilite - Vitiligo,Laser Excilite, - ,LASER EXCILITE - Espalda - Vitiligo - 6 sesiones - 30 min,LASER EXCILITE,Espalda,Vitiligo,-1,6 sesiones,30 min,6000,5000,4000,833.333333333333,-1,-1
2019-04-22,102,152,,service,laser,excilite,Laser Excilite - Vitiligo,Laser Excilite, - ,LASER EXCILITE - Gluteos - Vitiligo - 6 sesiones - 30 min,LASER EXCILITE,Gluteos,Vitiligo,-1,6 sesiones,30 min,6000,5000,4000,833.333333333333,-1,-1
2019-04-22,102,153,,service,laser,excilite,Laser Excilite - Vitiligo,Laser Excilite, - ,LASER EXCILITE - Hombros - Vitiligo - 6 sesiones - 30 min,LASER EXCILITE,Hombros,Vitiligo,-1,6 sesiones,30 min,6000,5000,4000,833.333333333333,-1,-1
2019-04-22,102,154,,service,laser,excilite,Laser Excilite - Vitiligo,Laser Excilite, - ,LASER EXCILITE - Manos - Vitiligo - 6 sesiones - 30 min,LASER EXCILITE,Manos,Vitiligo,-1,6 sesiones,30 min,6000,5000,4000,833.333333333333,-1,-1
2019-04-22,102,155,,service,laser,excilite,Laser Excilite - Vitiligo,Laser Excilite, - ,LASER EXCILITE - Piernas - Vitiligo - 6 sesiones - 30 min,LASER EXCILITE,Piernas,Vitiligo,-1,6 sesiones,30 min,6000,5000,4000,833.333333333333,-1,-1
2019-04-22,102,156,,service,laser,excilite,Laser Excilite - Vitiligo,Laser Excilite, - ,LASER EXCILITE - Pies - Vitiligo - 6 sesiones - 30 min,LASER EXCILITE,Pies,Vitiligo,-1,6 sesiones,30 min,6000,5000,4000,833.333333333333,-1,-1
2019-04-22,102,157,,service,laser,excilite,Laser Excilite - Psoriasis,Laser Excilite, - ,LASER EXCILITE - Rostro - Psoriasis - 6 sesiones - 5 min,LASER EXCILITE,Rostro,Psoriasis,-1,6 sesiones,5 min,2500,1500,1200,250,-1,-1
2019-04-22,102,158,,service,laser,excilite,Laser Excilite - Psoriasis,Laser Excilite, - ,LASER EXCILITE - Cuello - Psoriasis - 6 sesiones - 5 min,LASER EXCILITE,Cuello,Psoriasis,-1,6 sesiones,5 min,2500,1500,1200,250,-1,-1
2019-04-22,102,159,,service,laser,excilite,Laser Excilite - Psoriasis,Laser Excilite, - ,LASER EXCILITE - Ariolas - Psoriasis - 6 sesiones - 5 min,LASER EXCILITE,Ariolas,Psoriasis,-1,6 sesiones,5 min,2500,1500,1200,250,-1,-1
2019-04-22,102,160,,service,laser,excilite,Laser Excilite - Psoriasis,Laser Excilite, - ,LASER EXCILITE - Axilas - Psoriasis - 6 sesiones - 5 min,LASER EXCILITE,Axilas,Psoriasis,-1,6 sesiones,5 min,2500,1500,1200,250,-1,-1
2019-04-22,102,161,,service,laser,excilite,Laser Excilite - Psoriasis,Laser Excilite, - ,LASER EXCILITE - Pecho - Psoriasis - 6 sesiones - 5 min,LASER EXCILITE,Pecho,Psoriasis,-1,6 sesiones,5 min,2500,1500,1200,250,-1,-1
2019-04-22,102,162,,service,laser,excilite,Laser Excilite - Psoriasis,Laser Excilite, - ,LASER EXCILITE - Abdomen - Psoriasis - 6 sesiones - 5 min,LASER EXCILITE,Abdomen,Psoriasis,-1,6 sesiones,5 min,2500,1500,1200,250,-1,-1
2019-04-22,102,163,,service,laser,excilite,Laser Excilite - Psoriasis,Laser Excilite, - ,LASER EXCILITE - Brazos - Psoriasis - 6 sesiones - 5 min,LASER EXCILITE,Brazos,Psoriasis,-1,6 sesiones,5 min,2500,1500,1200,250,-1,-1
2019-04-22,102,164,,service,laser,excilite,Laser Excilite - Psoriasis,Laser Excilite, - ,LASER EXCILITE - Espalda - Psoriasis - 6 sesiones - 5 min,LASER EXCILITE,Espalda,Psoriasis,-1,6 sesiones,5 min,2500,1500,1200,250,-1,-1
2019-04-22,102,165,,service,laser,excilite,Laser Excilite - Psoriasis,Laser Excilite, - ,LASER EXCILITE - Gluteos - Psoriasis - 6 sesiones - 5 min,LASER EXCILITE,Gluteos,Psoriasis,-1,6 sesiones,5 min,2500,1500,1200,250,-1,-1
2019-04-22,102,166,,service,laser,excilite,Laser Excilite - Psoriasis,Laser Excilite, - ,LASER EXCILITE - Hombros - Psoriasis - 6 sesiones - 5 min,LASER EXCILITE,Hombros,Psoriasis,-1,6 sesiones,5 min,2500,1500,1200,250,-1,-1
2019-04-22,102,167,,service,laser,excilite,Laser Excilite - Psoriasis,Laser Excilite, - ,LASER EXCILITE - Manos - Psoriasis - 6 sesiones - 5 min,LASER EXCILITE,Manos,Psoriasis,-1,6 sesiones,5 min,2500,1500,1200,250,-1,-1
2019-04-22,102,168,,service,laser,excilite,Laser Excilite - Psoriasis,Laser Excilite, - ,LASER EXCILITE - Piernas - Psoriasis - 6 sesiones - 5 min,LASER EXCILITE,Piernas,Psoriasis,-1,6 sesiones,5 min,2500,1500,1200,250,-1,-1
2019-04-22,102,169,,service,laser,excilite,Laser Excilite - Psoriasis,Laser Excilite, - ,LASER EXCILITE - Pies - Psoriasis - 6 sesiones - 5 min,LASER EXCILITE,Pies,Psoriasis,-1,6 sesiones,5 min,2500,1500,1200,250,-1,-1
2019-04-22,102,170,,service,laser,excilite,Laser Excilite - Psoriasis,Laser Excilite, - ,LASER EXCILITE - Rostro - Psoriasis - 6 sesiones - 15 min,LASER EXCILITE,Rostro,Psoriasis,-1,6 sesiones,15 min,4000,3000,2400,500,-1,-1
2019-04-22,102,171,,service,laser,excilite,Laser Excilite - Psoriasis,Laser Excilite, - ,LASER EXCILITE - Cuello - Psoriasis - 6 sesiones - 15 min,LASER EXCILITE,Cuello,Psoriasis,-1,6 sesiones,15 min,4000,3000,2400,500,-1,-1
2019-04-22,102,172,,service,laser,excilite,Laser Excilite - Psoriasis,Laser Excilite, - ,LASER EXCILITE - Ariolas - Psoriasis - 6 sesiones - 15 min,LASER EXCILITE,Ariolas,Psoriasis,-1,6 sesiones,15 min,4000,3000,2400,500,-1,-1
2019-04-22,102,173,,service,laser,excilite,Laser Excilite - Psoriasis,Laser Excilite, - ,LASER EXCILITE - Axilas - Psoriasis - 6 sesiones - 15 min,LASER EXCILITE,Axilas,Psoriasis,-1,6 sesiones,15 min,4000,3000,2400,500,-1,-1
2019-04-22,102,174,,service,laser,excilite,Laser Excilite - Psoriasis,Laser Excilite, - ,LASER EXCILITE - Pecho - Psoriasis - 6 sesiones - 15 min,LASER EXCILITE,Pecho,Psoriasis,-1,6 sesiones,15 min,4000,3000,2400,500,-1,-1
2019-04-22,102,175,,service,laser,excilite,Laser Excilite - Psoriasis,Laser Excilite, - ,LASER EXCILITE - Abdomen - Psoriasis - 6 sesiones - 15 min,LASER EXCILITE,Abdomen,Psoriasis,-1,6 sesiones,15 min,4000,3000,2400,500,-1,-1
2019-04-22,102,176,,service,laser,excilite,Laser Excilite - Psoriasis,Laser Excilite, - ,LASER EXCILITE - Brazos - Psoriasis - 6 sesiones - 15 min,LASER EXCILITE,Brazos,Psoriasis,-1,6 sesiones,15 min,4000,3000,2400,500,-1,-1
2019-04-22,102,177,,service,laser,excilite,Laser Excilite - Psoriasis,Laser Excilite, - ,LASER EXCILITE - Espalda - Psoriasis - 6 sesiones - 15 min,LASER EXCILITE,Espalda,Psoriasis,-1,6 sesiones,15 min,4000,3000,2400,500,-1,-1
2019-04-22,102,178,,service,laser,excilite,Laser Excilite - Psoriasis,Laser Excilite, - ,LASER EXCILITE - Gluteos - Psoriasis - 6 sesiones - 15 min,LASER EXCILITE,Gluteos,Psoriasis,-1,6 sesiones,15 min,4000,3000,2400,500,-1,-1
2019-04-22,102,179,,service,laser,excilite,Laser Excilite - Psoriasis,Laser Excilite, - ,LASER EXCILITE - Hombros - Psoriasis - 6 sesiones - 15 min,LASER EXCILITE,Hombros,Psoriasis,-1,6 sesiones,15 min,4000,3000,2400,500,-1,-1
2019-04-22,102,180,,service,laser,excilite,Laser Excilite - Psoriasis,Laser Excilite, - ,LASER EXCILITE - Manos - Psoriasis - 6 sesiones - 15 min,LASER EXCILITE,Manos,Psoriasis,-1,6 sesiones,15 min,4000,3000,2400,500,-1,-1
2019-04-22,102,181,,service,laser,excilite,Laser Excilite - Psoriasis,Laser Excilite, - ,LASER EXCILITE - Piernas - Psoriasis - 6 sesiones - 15 min,LASER EXCILITE,Piernas,Psoriasis,-1,6 sesiones,15 min,4000,3000,2400,500,-1,-1
2019-04-22,102,182,,service,laser,excilite,Laser Excilite - Psoriasis,Laser Excilite, - ,LASER EXCILITE - Pies - Psoriasis - 6 sesiones - 15 min,LASER EXCILITE,Pies,Psoriasis,-1,6 sesiones,15 min,4000,3000,2400,500,-1,-1
2019-04-22,102,183,,service,laser,excilite,Laser Excilite - Psoriasis,Laser Excilite, - ,LASER EXCILITE - Rostro - Psoriasis - 6 sesiones - 30 min,LASER EXCILITE,Rostro,Psoriasis,-1,6 sesiones,30 min,6000,5000,4000,833.333333333333,-1,-1
2019-04-22,102,184,,service,laser,excilite,Laser Excilite - Psoriasis,Laser Excilite, - ,LASER EXCILITE - Cuello - Psoriasis - 6 sesiones - 30 min,LASER EXCILITE,Cuello,Psoriasis,-1,6 sesiones,30 min,6000,5000,4000,833.333333333333,-1,-1
2019-04-22,102,185,,service,laser,excilite,Laser Excilite - Psoriasis,Laser Excilite, - ,LASER EXCILITE - Ariolas - Psoriasis - 6 sesiones - 30 min,LASER EXCILITE,Ariolas,Psoriasis,-1,6 sesiones,30 min,6000,5000,4000,833.333333333333,-1,-1
2019-04-22,102,186,,service,laser,excilite,Laser Excilite - Psoriasis,Laser Excilite, - ,LASER EXCILITE - Axilas - Psoriasis - 6 sesiones - 30 min,LASER EXCILITE,Axilas,Psoriasis,-1,6 sesiones,30 min,6000,5000,4000,833.333333333333,-1,-1
2019-04-22,102,187,,service,laser,excilite,Laser Excilite - Psoriasis,Laser Excilite, - ,LASER EXCILITE - Pecho - Psoriasis - 6 sesiones - 30 min,LASER EXCILITE,Pecho,Psoriasis,-1,6 sesiones,30 min,6000,5000,4000,833.333333333333,-1,-1
2019-04-22,102,188,,service,laser,excilite,Laser Excilite - Psoriasis,Laser Excilite, - ,LASER EXCILITE - Abdomen - Psoriasis - 6 sesiones - 30 min,LASER EXCILITE,Abdomen,Psoriasis,-1,6 sesiones,30 min,6000,5000,4000,833.333333333333,-1,-1
2019-04-22,102,189,,service,laser,excilite,Laser Excilite - Psoriasis,Laser Excilite, - ,LASER EXCILITE - Brazos - Psoriasis - 6 sesiones - 30 min,LASER EXCILITE,Brazos,Psoriasis,-1,6 sesiones,30 min,6000,5000,4000,833.333333333333,-1,-1
2019-04-22,102,190,,service,laser,excilite,Laser Excilite - Psoriasis,Laser Excilite, - ,LASER EXCILITE - Espalda - Psoriasis - 6 sesiones - 30 min,LASER EXCILITE,Espalda,Psoriasis,-1,6 sesiones,30 min,6000,5000,4000,833.333333333333,-1,-1
2019-04-22,102,191,,service,laser,excilite,Laser Excilite - Psoriasis,Laser Excilite, - ,LASER EXCILITE - Gluteos - Psoriasis - 6 sesiones - 30 min,LASER EXCILITE,Gluteos,Psoriasis,-1,6 sesiones,30 min,6000,5000,4000,833.333333333333,-1,-1
2019-04-22,102,192,,service,laser,excilite,Laser Excilite - Psoriasis,Laser Excilite, - ,LASER EXCILITE - Hombros - Psoriasis - 6 sesiones - 30 min,LASER EXCILITE,Hombros,Psoriasis,-1,6 sesiones,30 min,6000,5000,4000,833.333333333333,-1,-1
2019-04-22,102,193,,service,laser,excilite,Laser Excilite - Psoriasis,Laser Excilite, - ,LASER EXCILITE - Manos - Psoriasis - 6 sesiones - 30 min,LASER EXCILITE,Manos,Psoriasis,-1,6 sesiones,30 min,6000,5000,4000,833.333333333333,-1,-1
2019-04-22,102,194,,service,laser,excilite,Laser Excilite - Psoriasis,Laser Excilite, - ,LASER EXCILITE - Piernas - Psoriasis - 6 sesiones - 30 min,LASER EXCILITE,Piernas,Psoriasis,-1,6 sesiones,30 min,6000,5000,4000,833.333333333333,-1,-1
2019-04-22,102,195,,service,laser,excilite,Laser Excilite - Psoriasis,Laser Excilite, - ,LASER EXCILITE - Pies - Psoriasis - 6 sesiones - 30 min,LASER EXCILITE,Pies,Psoriasis,-1,6 sesiones,30 min,6000,5000,4000,833.333333333333,-1,-1
2019-04-22,102,196,,service,laser,excilite,Laser Excilite - Alopecias,Laser Excilite, - ,LASER EXCILITE - Rostro - Alopecias - 6 sesiones - 5 min,LASER EXCILITE,Rostro,Alopecias,-1,6 sesiones,5 min,2500,1500,1200,250,-1,-1
2019-04-22,102,197,,service,laser,excilite,Laser Excilite - Alopecias,Laser Excilite, - ,LASER EXCILITE - Cuello - Alopecias - 6 sesiones - 5 min,LASER EXCILITE,Cuello,Alopecias,-1,6 sesiones,5 min,2500,1500,1200,250,-1,-1
2019-04-22,102,198,,service,laser,excilite,Laser Excilite - Alopecias,Laser Excilite, - ,LASER EXCILITE - Ariolas - Alopecias - 6 sesiones - 5 min,LASER EXCILITE,Ariolas,Alopecias,-1,6 sesiones,5 min,2500,1500,1200,250,-1,-1
2019-04-22,102,199,,service,laser,excilite,Laser Excilite - Alopecias,Laser Excilite, - ,LASER EXCILITE - Axilas - Alopecias - 6 sesiones - 5 min,LASER EXCILITE,Axilas,Alopecias,-1,6 sesiones,5 min,2500,1500,1200,250,-1,-1
2019-04-22,102,200,,service,laser,excilite,Laser Excilite - Alopecias,Laser Excilite, - ,LASER EXCILITE - Pecho - Alopecias - 6 sesiones - 5 min,LASER EXCILITE,Pecho,Alopecias,-1,6 sesiones,5 min,2500,1500,1200,250,-1,-1
2019-04-22,102,201,,service,laser,excilite,Laser Excilite - Alopecias,Laser Excilite, - ,LASER EXCILITE - Abdomen - Alopecias - 6 sesiones - 5 min,LASER EXCILITE,Abdomen,Alopecias,-1,6 sesiones,5 min,2500,1500,1200,250,-1,-1
2019-04-22,102,202,,service,laser,excilite,Laser Excilite - Alopecias,Laser Excilite, - ,LASER EXCILITE - Brazos - Alopecias - 6 sesiones - 5 min,LASER EXCILITE,Brazos,Alopecias,-1,6 sesiones,5 min,2500,1500,1200,250,-1,-1
2019-04-22,102,203,,service,laser,excilite,Laser Excilite - Alopecias,Laser Excilite, - ,LASER EXCILITE - Espalda - Alopecias - 6 sesiones - 5 min,LASER EXCILITE,Espalda,Alopecias,-1,6 sesiones,5 min,2500,1500,1200,250,-1,-1
2019-04-22,102,204,,service,laser,excilite,Laser Excilite - Alopecias,Laser Excilite, - ,LASER EXCILITE - Gluteos - Alopecias - 6 sesiones - 5 min,LASER EXCILITE,Gluteos,Alopecias,-1,6 sesiones,5 min,2500,1500,1200,250,-1,-1
2019-04-22,102,205,,service,laser,excilite,Laser Excilite - Alopecias,Laser Excilite, - ,LASER EXCILITE - Hombros - Alopecias - 6 sesiones - 5 min,LASER EXCILITE,Hombros,Alopecias,-1,6 sesiones,5 min,2500,1500,1200,250,-1,-1
2019-04-22,102,206,,service,laser,excilite,Laser Excilite - Alopecias,Laser Excilite, - ,LASER EXCILITE - Manos - Alopecias - 6 sesiones - 5 min,LASER EXCILITE,Manos,Alopecias,-1,6 sesiones,5 min,2500,1500,1200,250,-1,-1
2019-04-22,102,207,,service,laser,excilite,Laser Excilite - Alopecias,Laser Excilite, - ,LASER EXCILITE - Piernas - Alopecias - 6 sesiones - 5 min,LASER EXCILITE,Piernas,Alopecias,-1,6 sesiones,5 min,2500,1500,1200,250,-1,-1
2019-04-22,102,208,,service,laser,excilite,Laser Excilite - Alopecias,Laser Excilite, - ,LASER EXCILITE - Pies - Alopecias - 6 sesiones - 5 min,LASER EXCILITE,Pies,Alopecias,-1,6 sesiones,5 min,2500,1500,1200,250,-1,-1
2019-04-22,102,209,,service,laser,excilite,Laser Excilite - Alopecias,Laser Excilite, - ,LASER EXCILITE - Rostro - Alopecias - 6 sesiones - 15 min,LASER EXCILITE,Rostro,Alopecias,-1,6 sesiones,15 min,4000,3000,2400,500,-1,-1
2019-04-22,102,210,,service,laser,excilite,Laser Excilite - Alopecias,Laser Excilite, - ,LASER EXCILITE - Cuello - Alopecias - 6 sesiones - 15 min,LASER EXCILITE,Cuello,Alopecias,-1,6 sesiones,15 min,4000,3000,2400,500,-1,-1
2019-04-22,102,211,,service,laser,excilite,Laser Excilite - Alopecias,Laser Excilite, - ,LASER EXCILITE - Ariolas - Alopecias - 6 sesiones - 15 min,LASER EXCILITE,Ariolas,Alopecias,-1,6 sesiones,15 min,4000,3000,2400,500,-1,-1
2019-04-22,102,212,,service,laser,excilite,Laser Excilite - Alopecias,Laser Excilite, - ,LASER EXCILITE - Axilas - Alopecias - 6 sesiones - 15 min,LASER EXCILITE,Axilas,Alopecias,-1,6 sesiones,15 min,4000,3000,2400,500,-1,-1
2019-04-22,102,213,,service,laser,excilite,Laser Excilite - Alopecias,Laser Excilite, - ,LASER EXCILITE - Pecho - Alopecias - 6 sesiones - 15 min,LASER EXCILITE,Pecho,Alopecias,-1,6 sesiones,15 min,4000,3000,2400,500,-1,-1
2019-04-22,102,214,,service,laser,excilite,Laser Excilite - Alopecias,Laser Excilite, - ,LASER EXCILITE - Abdomen - Alopecias - 6 sesiones - 15 min,LASER EXCILITE,Abdomen,Alopecias,-1,6 sesiones,15 min,4000,3000,2400,500,-1,-1
2019-04-22,102,215,,service,laser,excilite,Laser Excilite - Alopecias,Laser Excilite, - ,LASER EXCILITE - Brazos - Alopecias - 6 sesiones - 15 min,LASER EXCILITE,Brazos,Alopecias,-1,6 sesiones,15 min,4000,3000,2400,500,-1,-1
2019-04-22,102,216,,service,laser,excilite,Laser Excilite - Alopecias,Laser Excilite, - ,LASER EXCILITE - Espalda - Alopecias - 6 sesiones - 15 min,LASER EXCILITE,Espalda,Alopecias,-1,6 sesiones,15 min,4000,3000,2400,500,-1,-1
2019-04-22,102,217,,service,laser,excilite,Laser Excilite - Alopecias,Laser Excilite, - ,LASER EXCILITE - Gluteos - Alopecias - 6 sesiones - 15 min,LASER EXCILITE,Gluteos,Alopecias,-1,6 sesiones,15 min,4000,3000,2400,500,-1,-1
2019-04-22,102,218,,service,laser,excilite,Laser Excilite - Alopecias,Laser Excilite, - ,LASER EXCILITE - Hombros - Alopecias - 6 sesiones - 15 min,LASER EXCILITE,Hombros,Alopecias,-1,6 sesiones,15 min,4000,3000,2400,500,-1,-1
2019-04-22,102,219,,service,laser,excilite,Laser Excilite - Alopecias,Laser Excilite, - ,LASER EXCILITE - Manos - Alopecias - 6 sesiones - 15 min,LASER EXCILITE,Manos,Alopecias,-1,6 sesiones,15 min,4000,3000,2400,500,-1,-1
2019-04-22,102,220,,service,laser,excilite,Laser Excilite - Alopecias,Laser Excilite, - ,LASER EXCILITE - Piernas - Alopecias - 6 sesiones - 15 min,LASER EXCILITE,Piernas,Alopecias,-1,6 sesiones,15 min,4000,3000,2400,500,-1,-1
2019-04-22,102,221,,service,laser,excilite,Laser Excilite - Alopecias,Laser Excilite, - ,LASER EXCILITE - Pies - Alopecias - 6 sesiones - 15 min,LASER EXCILITE,Pies,Alopecias,-1,6 sesiones,15 min,4000,3000,2400,500,-1,-1
2019-04-22,102,222,,service,laser,excilite,Laser Excilite - Alopecias,Laser Excilite, - ,LASER EXCILITE - Rostro - Alopecias - 6 sesiones - 30 min,LASER EXCILITE,Rostro,Alopecias,-1,6 sesiones,30 min,6000,5000,4000,833.333333333333,-1,-1
2019-04-22,102,223,,service,laser,excilite,Laser Excilite - Alopecias,Laser Excilite, - ,LASER EXCILITE - Cuello - Alopecias - 6 sesiones - 30 min,LASER EXCILITE,Cuello,Alopecias,-1,6 sesiones,30 min,6000,5000,4000,833.333333333333,-1,-1
2019-04-22,102,224,,service,laser,excilite,Laser Excilite - Alopecias,Laser Excilite, - ,LASER EXCILITE - Ariolas - Alopecias - 6 sesiones - 30 min,LASER EXCILITE,Ariolas,Alopecias,-1,6 sesiones,30 min,6000,5000,4000,833.333333333333,-1,-1
2019-04-22,102,225,,service,laser,excilite,Laser Excilite - Alopecias,Laser Excilite, - ,LASER EXCILITE - Axilas - Alopecias - 6 sesiones - 30 min,LASER EXCILITE,Axilas,Alopecias,-1,6 sesiones,30 min,6000,5000,4000,833.333333333333,-1,-1
2019-04-22,102,226,,service,laser,excilite,Laser Excilite - Alopecias,Laser Excilite, - ,LASER EXCILITE - Pecho - Alopecias - 6 sesiones - 30 min,LASER EXCILITE,Pecho,Alopecias,-1,6 sesiones,30 min,6000,5000,4000,833.333333333333,-1,-1
2019-04-22,102,227,,service,laser,excilite,Laser Excilite - Alopecias,Laser Excilite, - ,LASER EXCILITE - Abdomen - Alopecias - 6 sesiones - 30 min,LASER EXCILITE,Abdomen,Alopecias,-1,6 sesiones,30 min,6000,5000,4000,833.333333333333,-1,-1
2019-04-22,102,228,,service,laser,excilite,Laser Excilite - Alopecias,Laser Excilite, - ,LASER EXCILITE - Brazos - Alopecias - 6 sesiones - 30 min,LASER EXCILITE,Brazos,Alopecias,-1,6 sesiones,30 min,6000,5000,4000,833.333333333333,-1,-1
2019-04-22,102,229,,service,laser,excilite,Laser Excilite - Alopecias,Laser Excilite, - ,LASER EXCILITE - Espalda - Alopecias - 6 sesiones - 30 min,LASER EXCILITE,Espalda,Alopecias,-1,6 sesiones,30 min,6000,5000,4000,833.333333333333,-1,-1
2019-04-22,102,230,,service,laser,excilite,Laser Excilite - Alopecias,Laser Excilite, - ,LASER EXCILITE - Gluteos - Alopecias - 6 sesiones - 30 min,LASER EXCILITE,Gluteos,Alopecias,-1,6 sesiones,30 min,6000,5000,4000,833.333333333333,-1,-1
2019-04-22,102,231,,service,laser,excilite,Laser Excilite - Alopecias,Laser Excilite, - ,LASER EXCILITE - Hombros - Alopecias - 6 sesiones - 30 min,LASER EXCILITE,Hombros,Alopecias,-1,6 sesiones,30 min,6000,5000,4000,833.333333333333,-1,-1
2019-04-22,102,232,,service,laser,excilite,Laser Excilite - Alopecias,Laser Excilite, - ,LASER EXCILITE - Manos - Alopecias - 6 sesiones - 30 min,LASER EXCILITE,Manos,Alopecias,-1,6 sesiones,30 min,6000,5000,4000,833.333333333333,-1,-1
2019-04-22,102,233,,service,laser,excilite,Laser Excilite - Alopecias,Laser Excilite, - ,LASER EXCILITE - Piernas - Alopecias - 6 sesiones - 30 min,LASER EXCILITE,Piernas,Alopecias,-1,6 sesiones,30 min,6000,5000,4000,833.333333333333,-1,-1
2019-04-22,102,234,,service,laser,excilite,Laser Excilite - Alopecias,Laser Excilite, - ,LASER EXCILITE - Pies - Alopecias - 6 sesiones - 30 min,LASER EXCILITE,Pies,Alopecias,-1,6 sesiones,30 min,6000,5000,4000,833.333333333333,-1,-1